customer_id,city,age,gender
13542,New Oliviaberg,56,F
23188,Port Matthew,59,M
55098,West Sarah,64,F
65208,Hernandezburgh,34,M
63872,Jenkinshaven,33,F
29989,East Tonyaberg,21,F
79809,North Jessicabury,57,M
27282,Aliciaberg,60,F
41394,West Larrymouth,69,F
48695,Lake Ian,34,F
27389,Elizabethmouth,26,M
74067,Melanieberg,37,M
49331,Allisonland,32,M
61360,Myershaven,60,M
24426,South Tonya,67,M
10486,Port Allisonfort,54,F
75474,Levyport,73,M
79898,Fullerland,68,M
41736,North Anthony,72,
69719,North Whitneytown,29,F
93992,West Cynthiaton,29,
65011,East Christopher,42,F
80441,Port Danielleview,52,M
95874,East Christopherborough,48,
11145,Douglasport,34,M
81289,North Jamesside,60,M
36732,North Carrie,42,M
33678,Port Kenneth,29,M
71289,East Kylie,50,M
86746,Mendezburgh,62,M
23094,Kristenland,56,M
30037,Lake Sarah,28,F
61642,Fryeberg,19,M
52189,Lake Michael,49,F
71248,North Mary,42,M
14872,Cynthiaport,32,M
46992,East Corytown,30,F
21565,Martinezview,43,F
26160,North Terrancehaven,25,
35007,Lake Rhondatown,65,
93989,Williamston,70,M
37401,Lake Jeffrey,63,F
82700,New Carolfort,55,M
38245,Franklinmouth,36,
76140,New Terri,65,M
63313,Jeffreyview,59,F
10299,Teresaville,33,F
32232,Mcdonaldmouth,55,M
48690,West Geraldhaven,18,F
94108,Bowmanmouth,72,F
54503,Walkerland,42,F
69170,Port Patriciashire,62,M
68220,Jacobburgh,50,F
53004,New Brittanytown,20,M
57158,Woodshaven,59,M
15676,Rachelland,72,M
34358,Gonzalezshire,50,M
83983,Blakeshire,55,M
56955,Whitakerview,24,M
73293,Port Thomaston,72,
68416,New Jeremy,44,F
51031,Lake Nancy,50,F
49701,Lake Jasmineport,63,F
32080,Garrisonberg,18,M
13112,South Katherineside,35,
27303,Mccallhaven,26,M
89064,Lake Teresafurt,74,F
76490,Roymouth,48,F
45081,East Charles,55,
65624,West Krista,63,
94700,Hobbston,23,M
73009,Jacobfurt,29,M
55865,New Felicia,64,M
75453,Spencerside,33,F
47548,West Jacob,36,F
85352,East Ana,38,M
99624,West Louis,20,M
53811,Port Cristianfort,52,F
59944,Lake Charlestown,51,M
20770,Moranland,44,
95322,Marcusville,43,M
44293,West Sandrachester,72,
11849,South Scott,23,
79537,Anthonyborough,30,F
22604,East Russellville,47,M
36231,Port Richardfurt,72,M
64684,New Brooke,53,M
64326,Rachelburgh,63,F
82168,West Matthewton,44,F
63919,Jeffreyville,54,M
54901,Stacieberg,23,F
97350,West Kathleen,70,M
45435,Port Hectorbury,25,F
92572,East David,60,M
10539,Anthonyport,44,F
94316,Garzachester,18,M
64578,Lake Kristy,54,M
77823,South Roger,34,F
67215,Codyburgh,71,M
50937,Stevensonside,46,F
66782,Hardingfort,48,F
72081,Trevinoland,63,F
58706,Lake Cody,65,F
61717,East Alyssa,57,F
48366,Moraleshaven,48,F
26652,Danielstad,48,F
49861,Brianburgh,46,M
70446,Amyhaven,56,M
66861,Reynoldsborough,20,F
33496,Port Ginaside,71,M
65546,Davidton,65,F
58032,Lake Sethfurt,22,F
52835,North Davidchester,31,F
54614,Stephanieshire,61,M
47601,South Ashleyshire,24,
39945,North Christinaview,75,M
44020,New Michaeltown,62,F
89883,East Justin,66,F
51106,New Carol,38,M
39236,Osborneland,47,M
39267,North Danielburgh,74,F
20814,South Melodystad,65,M
62697,Murrayville,25,M
45453,West Michaelton,63,M
41166,North Matthew,61,F
12817,North Angela,40,M
86435,Christopherport,48,F
16539,Kathleenton,21,M
32285,West Danielborough,43,M
73165,Mariaborough,48,F
28298,Port Denisemouth,18,F
77934,Holmesland,27,
42115,North Johnland,55,F
10254,Port Christine,73,M
39027,Russellton,23,M
30197,Port George,39,
83687,Melanieborough,52,F
88015,Kathleenview,62,M
84063,Scottfort,43,F
50447,Kathyton,22,M
29786,South Brianstad,23,F
79948,South Caroline,66,F
68238,New Brandon,68,M
66682,Cartermouth,42,F
47971,East Dawn,47,F
54869,Martinburgh,42,F
28063,Robertsbury,26,
99909,Sheltonmouth,37,F
77523,Danielfurt,21,
60807,East Andrea,39,F
77884,Shortmouth,41,F
76854,Andrewmouth,64,F
35603,Lake Brent,68,F
14361,Robertbury,23,
99182,Garciahaven,23,F
57585,Lauraburgh,50,F
75434,Craigmouth,21,M
49651,West Elizabethbury,19,M
80835,Lake Carla,40,F
46326,Andersonchester,31,M
11108,South Jeffrey,58,F
82916,New Alicia,73,F
37787,West Mariaton,35,M
43043,East Justintown,24,F
74956,Kristenberg,58,M
62833,East Matthew,71,F
93806,Donaldhaven,37,F
12572,North Zacharytown,46,M
87787,East Daniel,67,M
77178,Lake Ryanland,61,M
70476,West Amandamouth,32,M
66492,Port Thomas,30,M
62824,Port Jo,63,F
85614,Harrisberg,70,F
89312,Veronicaburgh,31,M
59644,Cynthiaburgh,61,M
77706,Edwardstad,33,
69355,South Susanstad,18,M
30464,Derekside,25,F
77850,Lake Sharonstad,30,F
96195,Port Matthew,27,M
17277,Lake Michaelhaven,70,F
48665,South Huntermouth,65,M
55003,Englishmouth,74,M
98322,North Alexis,60,F
46001,Hayesshire,40,M
56829,West Justinburgh,59,M
15545,Johnsonborough,65,F
21109,Sellersland,37,M
59875,Sherylfort,49,
71005,Grahamhaven,28,M
77455,Joshuamouth,64,M
16285,Savannahmouth,59,F
20485,Gregoryview,44,M
56705,Michellefort,38,M
25974,East Marymouth,71,F
99133,Brianfort,26,F
60024,Port Suzannebury,71,F
53269,New Amyfurt,54,M
23687,New Peterport,68,F
16821,Port Jeremyfurt,68,F
25702,New Brian,40,M
24054,Lake Michaelfort,26,F
85558,South Lauramouth,60,F
98627,Taylorport,25,F
32058,East Christopherfurt,28,M
28608,Annaborough,51,M
58103,Nicholasfurt,18,M
25747,Amandaborough,64,F
75314,Shawnview,24,F
33743,New Jonathan,64,F
21731,Lake Annburgh,34,M
66977,Henryborough,67,M
25952,Amandafort,73,F
80882,Mitchellfort,32,F
27123,Saunderston,18,F
60144,Marshallside,65,M
85940,East Kimberlyshire,37,M
53860,West Thomas,62,F
32569,Port Catherine,26,
72236,Lake Jessefort,47,F
79004,Sarahtown,50,M
39329,Jessicastad,59,F
53191,Jenniferberg,30,M
44035,Cassandraville,39,F
16865,Port Stephanie,39,
68850,North Elizabethbury,58,F
64425,New Ronniebury,22,M
52324,New Patriciaville,64,M
11008,Lake Emilymouth,58,M
47725,Bradleyview,36,F
18819,Wesleyborough,70,F
95354,Shawberg,30,
48878,Kellymouth,75,F
44704,Mccannfurt,62,F
88424,West Timothy,44,F
73269,Conniebury,24,F
38565,Nicoletown,50,M
33851,Mcdanielchester,48,F
76010,Stevenfurt,51,F
75278,Javierview,59,
51458,Mcintyreburgh,19,F
21004,Lake Catherine,30,M
50813,East Hannah,70,
51301,Henrystad,43,M
23601,East William,57,
12469,Riveraview,35,M
77150,Anthonyside,69,F
11829,Brendaton,41,M
44470,Lake Triciaburgh,61,F
94532,Port Lisa,41,F
55184,Port Edward,23,M
51963,Lake Rachaelside,61,M
56464,Jonathanport,44,M
58911,Ashleyfort,72,F
92232,Adamsfort,33,M
67837,West Amyhaven,39,F
23747,Tammymouth,36,
22228,Barryton,62,F
89639,Pierceport,25,M
10848,Vickimouth,67,F
39860,Port Josephview,53,F
38512,Huntershire,34,M
73069,Valerieview,38,M
25229,Anthonybury,27,F
32206,North Juliaborough,28,M
47231,Port Elizabeth,23,M
97281,Ramirezton,32,M
30321,Alvaradoview,59,
43115,New Joshua,65,M
12858,Port Briana,28,M
56081,Kennethton,38,M
54630,Port Steve,64,F
99272,South Becky,66,M
99923,Port Thomasstad,66,
29197,Lake Anne,49,M
91976,Fernandezside,74,M
69112,North Heatherborough,29,F
41492,Kathrynton,74,M
72727,Brownland,42,F
35088,Port Michelle,50,M
67667,Ericville,37,M
42238,Lake Sara,55,F
25852,Jamesside,21,M
79864,Jennifermouth,36,M
17044,New Mindymouth,47,M
96947,Jonesport,35,M
63024,Kimberlymouth,73,F
38096,Georgeville,58,M
50848,Michaelside,65,M
37762,New Steven,32,M
70317,Elliottfort,27,F
88802,Sandrafurt,56,
86646,New Kelly,55,F
84845,Mejiahaven,71,M
29895,Ramirezmouth,47,M
48604,Port Sandra,36,M
54625,West Tyler,70,
10403,Lake Kimberlyburgh,65,M
46059,Lake Tracy,40,F
82793,Ravenland,49,F
90952,Rachelborough,60,
91742,Brandichester,28,M
44592,Laurenmouth,66,
53649,Rebeccahaven,56,F
45831,Sanchezside,74,F
80435,Kennethfort,41,M
14447,Peterston,69,F
32331,Mitchellhaven,61,F
72286,Robinhaven,58,M
78768,Cantumouth,49,M
26392,Port Wandashire,73,F
16669,Nancytown,34,M
29275,Port Tracystad,68,M
69068,West Tamiville,71,M
37813,Phillipsborough,24,F
48519,Lewisburgh,67,M
29305,Port Taraburgh,23,M
81394,Cameronstad,52,F
26545,Millerhaven,54,F
98794,East Alexandriashire,57,F
87690,East Kristen,41,
52213,Lake Joseph,57,M
49232,Joshuaton,53,F
79470,Paulborough,41,M
20522,Toddmouth,31,F
56073,Lake Jennifer,57,M
41063,South Jerry,27,F
62699,Michaelchester,36,M
25889,West Kristinehaven,51,F
71237,Brentbury,57,F
34740,Port Jackview,44,F
37821,Port Robertchester,37,F
43279,Anthonyville,26,M
54459,Michellebury,35,M
71713,Floydchester,50,M
55426,East Josestad,69,
79928,East Chris,50,
52566,West Jessica,31,F
49956,Audreystad,24,M
79476,North Cristianview,25,M
52052,North Benjaminton,20,F
45326,Lake Joanna,41,M
38806,Lake Brentfurt,62,M
46244,Lake Ellen,62,M
39858,West Jimmystad,19,M
51679,Williamsfort,32,
10201,Leeborough,23,
98074,East Jason,47,F
82077,Brandyborough,37,M
20351,North Dana,62,F
24734,Monicaland,39,F
87219,Sanchezborough,25,
20393,South Elizabethport,68,M
84575,Perezmouth,68,M
38523,Rodgersfurt,60,M
90933,North Erikbury,65,M
53977,South Taylorchester,43,F
50771,Garciaville,24,F
21473,Aprilton,56,M
93130,Eddiefurt,38,M
85009,Janetfort,21,M
53070,Jefferyshire,68,F
36125,Rossview,30,M
76563,Moniquemouth,59,F
35219,East Lucas,21,M
39825,New Isaacmouth,50,
32037,South Holly,42,M
13595,East Andrew,25,
58789,Lauraberg,72,M
80473,Lake Brittanyburgh,44,M
15625,Williamsfort,45,F
71490,Robertton,45,M
66073,Andersonview,40,M
49765,Jensenstad,35,M
83207,New Edwardville,56,M
55540,Villanuevaburgh,23,F
15824,Vincenttown,58,
96162,South Jeffreystad,34,M
19293,Clayfort,33,F
37972,Colemouth,53,M
11911,Lake Tiffanyfurt,44,M
66566,Michaelstad,19,F
63722,East Carlos,36,
28186,Port Christopherbury,41,M
14303,Bakerburgh,51,F
49509,Phelpsstad,58,F
24078,West Jesusville,71,M
59338,Josephton,48,M
57240,Jennachester,61,M
52736,West Jerome,49,F
58283,Colemanchester,22,F
84978,Payneside,64,M
45699,Lake Victoriafort,26,F
20938,Jordanmouth,40,F
31412,Nguyenfort,61,F
23743,Fishertown,43,M
63051,South Wesley,33,
95641,Kruegerton,74,F
93539,Gregoryville,43,F
20636,Parkerfurt,31,F
68604,North Donna,45,F
99015,Lake Paulastad,66,M
46587,South Jimmyland,52,M
17305,Cabrerashire,28,M
23570,Calebmouth,35,M
92246,Lewisburgh,21,F
75246,North Jessica,56,M
61329,Ashleychester,74,M
93329,Johnhaven,44,F
26186,Rebeccaborough,38,M
18555,Gutierreztown,68,M
57457,South Shanehaven,37,
10825,Port Marcusmouth,63,M
84991,East Anthonymouth,33,
17263,West Charlestown,47,M
43226,North David,32,M
84629,Fritzchester,75,M
55698,Lake Cynthiastad,48,M
66122,Ryanberg,46,M
24487,Brooksfort,38,M
60664,East William,21,M
46781,New Jose,32,M
47485,Tatemouth,55,F
80222,Schroederland,50,F
69990,Ericfurt,49,M
89114,New Dylan,40,M
61935,Johnnyton,68,M
96674,Reedside,21,M
37431,Lake Linda,26,M
13425,Port Luke,46,M
38547,West Courtneychester,61,M
42068,Rosebury,19,
23008,Richardshire,53,
23420,Port Adrianhaven,56,F
35117,Davidbury,60,M
79582,Hughesfort,66,F
61272,North Kathryn,18,M
67596,Melanieton,41,F
60808,Crawfordport,19,M
87513,Taylorview,44,M
30444,Alexanderborough,38,F
62506,Port Kellyview,65,M
45719,Townsendville,26,M
89715,South Lauren,28,
58368,Amandamouth,23,F
41135,Lake Emily,23,M
78277,Keithland,38,M
61065,West Rebekahland,25,M
96568,Port Melissa,62,M
14284,North Bradleymouth,63,F
90910,Johnnystad,24,M
42128,North Rebeccashire,46,M
58130,Lake Mallory,56,F
40110,North Johnny,27,M
89076,Wendychester,69,M
75860,Patriciaberg,63,M
22360,Port Maxwell,68,M
37265,Colemanmouth,37,F
23672,Aprilshire,49,M
22599,Port Sarahfort,18,F
39126,Port Alexanderton,24,M
14108,Markborough,55,M
12544,Webermouth,28,M
49580,Watsonchester,30,M
96065,Hickmanside,62,F
97353,North Jacobland,31,F
90540,Port Dawn,49,M
33770,East Frankhaven,42,M
82817,South Michael,29,M
27140,New Seth,21,F
53754,East Ericview,73,F
81512,East Joshua,49,
62597,Ramosport,54,M
40338,South Matthew,36,M
81439,Woodsport,21,F
59486,Brownbury,61,F
50145,Paulton,34,M
26849,Gardnerberg,27,F
99423,Adrianmouth,73,F
10211,Lake Michael,25,F
47342,Port Tammyberg,59,M
35152,Christopherville,64,M
28742,Christinaview,34,M
20004,Justinport,49,M
53575,Brownbury,33,M
34224,Lynnland,35,F
87467,Judithbury,38,M
89887,West Stevenburgh,32,F
71870,West Justin,56,M
63842,Nguyenmouth,68,F
97274,East Donna,55,M
23807,Jackshire,53,M
74278,Harrytown,24,
27836,Brownshire,73,F
13591,Cameronside,18,M
50980,New Donnatown,27,
53270,South Jessica,65,F
47212,Port Jordan,29,M
30090,Joshuamouth,20,M
47189,New Amy,57,M
92276,West Jesus,63,M
84661,Martineztown,38,F
62444,South Carriefurt,70,M
94912,East Robert,70,F
90560,Lake Gabriella,69,M
50437,Port Jasmin,34,M
50139,Port Vincenttown,53,M
22264,Danielton,63,F
84937,Montgomeryberg,45,M
44793,West Michellemouth,54,F
11164,Yatesstad,44,
53993,Whiteborough,47,M
15858,Jacobville,51,F
20025,North Debraland,60,M
33753,Lake Bethmouth,56,F
54627,Taraborough,42,M
92393,South Christineberg,63,F
25309,East Anthony,52,M
37422,Maddenview,22,F
99243,North Diane,55,F
26759,East Loretta,44,
77451,Andersonside,71,F
41613,Port Melissaborough,19,F
20019,Jeremyview,34,
76799,Freemanport,39,M
14911,New Madeline,74,M
42185,Lake Spencer,35,M
36989,Andersonfort,48,F
62189,Smithfort,54,F
51971,Port Johnport,41,F
42991,Stevensfurt,44,F
61358,Port Paul,51,F
40849,North Julie,23,M
65102,Port Ryanville,52,F
93663,Gonzalesside,53,M
92929,Rogersfurt,44,
17439,Marieborough,55,M
25536,Lake John,43,
45637,East Whitney,62,F
36922,Lake Brittanyberg,75,M
48551,Deborahview,69,F
62183,Jasontown,52,F
96862,Barberside,29,M
94597,Griffintown,28,F
44994,Lake April,42,
57366,West Joshuahaven,32,F
74049,West Jonathon,46,F
14046,North Amandaland,24,F
54645,Scottmouth,75,F
24024,Shanetown,55,M
57449,Luketon,32,F
87653,Johnland,28,M
76203,Port Jeffrey,61,
45679,Gutierrezville,75,
83914,Holtbury,25,
55931,East Nicole,46,F
68792,Kevinville,38,M
58848,North Jennifer,36,
13992,Karenside,40,F
33897,Port Joseph,48,M
69817,West Jennifer,18,F
88142,Carlville,50,F
43023,Lake Michaelport,44,M
76411,Port Tony,57,M
53652,Johnmouth,56,F
23300,East Mariebury,66,M
96041,Kirbyport,56,M
33156,New Danielberg,60,F
81896,New Matthew,21,M
17483,Lisafurt,48,F
56269,Leachstad,57,F
62764,Paulabury,23,M
63876,Nicolebury,53,F
76057,New Rhondaborough,52,F
28381,Loribury,35,F
62323,New Terrancetown,26,M
13120,New David,59,M
78206,North Jacob,18,M
63278,Lake Matthew,53,
77729,Julieborough,64,F
76603,Lake Toddside,36,F
61332,Paulberg,39,
16119,Williamsside,28,F
91463,Johnsonborough,66,F
85934,Edwardview,60,F
91509,Robertfort,43,F
36278,Reginachester,75,F
13725,Hughesmouth,26,F
45232,New Kyle,67,F
55539,Jasonbury,59,F
77318,Brownchester,23,M
25761,Port Andre,29,F
62981,Wrightport,67,
54917,Christopherburgh,62,F
73536,Port Ashleyview,61,M
47349,Hernandezfort,47,F
19284,Phillipsport,52,F
60712,Georgestad,57,M
92087,South Michael,21,F
99315,Michelleview,39,
10679,Douglashaven,53,
53474,Johnburgh,44,F
47962,Bryceland,22,F
39413,Wesleytown,23,F
46239,Landryburgh,52,
59603,New Melissa,28,F
92950,Austinbury,37,F
85365,Andersonshire,59,M
17937,Joetown,53,F
74288,Lake Williamfort,25,F
77157,Port Pamelatown,61,F
87140,New Joshua,28,F
54306,Jacobfort,39,M
36926,Simonfort,68,F
74490,Jamesmouth,65,M
75854,Timothychester,19,M
17341,Port Timothyshire,20,F
35822,Lake Jason,57,M
47566,South John,32,F
81133,East Kristin,33,
82756,Ricemouth,73,F
14276,East Stevenmouth,73,M
48855,Watkinsburgh,47,F
58295,Penningtonberg,39,M
24196,Timothyland,41,M
92507,Bridgetchester,48,M
57960,Connerburgh,29,M
34368,Kurtmouth,69,F
82764,Lake Scottfurt,37,F
71646,Hernandezmouth,48,M
82989,Port Marvinmouth,61,F
91997,South Wanda,47,
38807,Curryhaven,63,M
81959,Martinbury,19,M
48904,Raymondland,63,F
29007,Morrisburgh,24,M
35793,South Sharonburgh,66,F
56948,Port Christopher,55,M
65579,Cervantesland,63,M
61930,Maxwellhaven,44,F
32947,Morrisonmouth,41,
27766,Lake Troyshire,39,
21745,Schultzborough,54,
77096,Millerborough,22,M
99677,Kennethstad,70,M
39828,Markchester,75,F
84736,Denisefurt,68,F
49782,Lake Brianbury,63,M
45241,Port Stacey,29,F
13431,Port Jason,63,M
91430,Tinaport,36,F
14487,South Melinda,56,F
74218,New Natalie,52,F
37624,Dennisburgh,20,M
25561,Port Samanthafort,31,F
25091,Port Laurenfort,20,F
65398,East Codyport,33,M
37040,Matthewmouth,41,F
53928,Butlerton,35,F
81400,South Elizabeth,48,M
38645,Raymondchester,27,M
61294,Port Jameston,38,M
42912,Joshuaborough,21,F
91781,North Thomas,42,F
72072,East Annettemouth,51,F
89104,Christophertown,55,F
25897,Randallburgh,29,M
29111,Brownmouth,18,F
18651,Roychester,29,M
36373,Port Lindaton,50,F
63014,East David,39,F
90154,New Amy,19,F
81927,Dukeborough,61,M
50538,North Ryanfort,33,
31600,Lake Maryborough,32,F
50200,Lake Jason,39,F
16430,Rodriguezport,57,F
99042,Jamesfort,69,F
29306,Williamsburgh,41,M
64799,East Christopher,71,F
56589,Priceburgh,18,M
79379,East William,54,F
51171,South Tonya,19,F
48362,Guzmanside,45,M
86056,Devonmouth,63,F
90329,East Amandaside,49,F
52647,Port Timothy,43,M
60295,Joshuabury,71,M
47453,Alvaradoborough,58,F
26742,Toddton,75,M
31977,North Marissa,52,
18511,West Alicia,56,
12945,Lake Vincentview,42,M
86737,Port Matthew,24,F
67405,Morrisport,43,F
52751,Coreyfort,43,M
54453,West Samuelhaven,19,F
13011,Lunafort,69,M
67232,Meyerchester,52,F
92859,Patriciaville,27,F
51714,Karenstad,27,M
79715,West Crystal,38,F
26457,Hawkinschester,60,F
36759,Michaelfurt,43,F
59266,North Michaelborough,63,F
18191,Port Jasmine,26,M
43995,South Donna,62,F
62030,West Patriciachester,64,F
62120,East Bryanport,50,F
97308,New Melissa,64,M
86727,Patriciafort,46,F
94503,East Moniquefort,68,M
82945,Francofort,39,M
45242,Port Melissaborough,73,F
32168,Lesliemouth,39,F
43139,Veronicaland,67,F
88885,Port Emily,27,M
27584,Port Diana,51,F
89618,New Michealtown,42,F
70242,Garciamouth,27,M
11655,Navarrostad,61,M
77187,South Edgartown,40,M
85139,Jackmouth,57,M
49769,Garciafurt,26,M
18860,West Austin,61,F
48216,Mendozatown,21,M
32522,Michaelchester,42,M
37275,East Robert,57,F
92654,Wendyborough,31,F
60796,Joshuastad,73,M
98151,West Robertmouth,45,M
19327,Henryborough,26,F
77848,Simmonsview,39,F
99026,West Antonio,34,F
48813,West James,75,F
88937,East Veronicaville,34,M
29312,South Antonioton,64,M
21298,Wayneside,55,M
82746,Brandonbury,35,M
45270,Raytown,71,F
65819,East Michaelborough,34,M
14029,Lake Hayley,57,F
42097,West Daniel,63,F
78056,South Mark,43,M
29123,East Daleton,39,F
11363,Pattersonfort,63,M
47637,West Mary,42,F
72471,Mayland,69,F
55956,Smithville,70,F
60036,South Julieborough,57,F
65235,Joshuafort,19,M
68904,Chenmouth,25,F
11101,South Katiefurt,22,F
91161,Port Christopher,25,M
31593,Washingtonmouth,44,F
19180,New Lauramouth,50,F
21588,South Veronica,33,F
92632,North Jason,26,M
92429,Jonesville,50,M
99265,Garyville,43,F
12167,West Jeffreyview,46,F
22739,South Matthewburgh,24,
51408,Kiddmouth,59,M
98186,Lake Brianbury,47,F
31253,New Coleside,43,M
34709,West Nicholas,19,F
96221,East Tanyafurt,31,M
98713,Catherinebury,37,M
79880,Scottburgh,20,
79018,Port Samantha,54,F
88218,Martinezshire,40,
69327,Port Joseton,72,F
52134,West Rogerberg,65,M
39427,Connerstad,60,M
55371,South Anthonyfurt,73,
96190,Patriciaville,18,M
55421,New Shawn,26,M
36683,Ellisland,68,M
96700,South Anthony,64,F
15505,Jamiefort,19,F
46965,West Bradleymouth,47,F
73481,Bateshaven,22,M
32978,South Elizabeth,25,F
60294,Thomastown,26,F
27462,Johnfort,67,M
58481,Taylorland,57,
93038,North Michelletown,36,M
82649,Smithmouth,60,M
47335,East David,49,F
90319,South Jacquelineside,69,F
86183,Port Victoriashire,72,F
24175,Frazierbury,25,M
73858,South Robert,42,M
52435,West Kendrafort,18,M
11455,Wrightfort,48,F
93036,Smithburgh,30,M
76569,New Christopherside,56,F
13356,East Joseph,38,M
95980,Haileyville,75,F
13042,Martinside,54,F
64649,Alexanderberg,45,M
79954,West Carlosberg,31,F
73957,Shawmouth,24,
96551,Elliottmouth,25,F
85518,East Martin,75,M
82689,South Christine,23,F
87052,Webbburgh,67,M
35514,Port Matthewfort,35,F
78620,Tiffanyport,47,F
96418,New David,64,F
80018,Susanchester,65,M
25370,Port Markport,57,F
30282,Webbton,68,
11578,Brayfurt,35,
97390,Davidborough,71,F
22729,West Reginaldbury,32,M
32747,Port Kimberlymouth,71,
93277,Lake Jillton,70,F
31245,New Raymond,39,F
50842,South Stephenport,58,
42780,Port Craigfort,32,M
43949,Graystad,27,F
50142,Port Kellyport,18,
97111,East Brittany,33,F
88321,West Jerry,48,M
95344,Wrightmouth,61,M
88797,Robertmouth,43,F
88975,New Norma,59,M
52849,Katherineview,19,F
25985,Port Debbieborough,65,M
74178,Jonathanstad,52,M
16797,North Nancyville,59,M
61595,West Masonton,32,F
57134,Barronborough,42,F
54710,Huntberg,27,M
45307,West Anne,68,F
98156,Vasquezmouth,48,F
85771,Brownport,56,F
69632,Port James,36,
39305,Cindyberg,32,M
42739,Jenniferville,43,M
19510,Jaychester,25,M
79723,Popeview,44,M
58363,New Louis,63,M
54476,Tiffanyshire,21,F
81507,New Josephland,58,F
14376,Ericside,34,M
98227,North Stevenborough,75,F
32637,West Richard,33,F
32787,Lindsaybury,28,M
64016,Rodgershaven,61,F
38808,South Coltonport,73,M
48725,West Amanda,64,F
79047,Rhodesfurt,62,M
84001,East Robynmouth,67,M
24025,Brooksmouth,54,F
72324,Crosbyfort,64,M
93644,West Denisemouth,33,M
35717,Danielmouth,34,F
79189,Davidton,66,M
97433,North Lisafort,59,
46834,Charlesview,24,M
91867,North Stevenshire,45,F
15872,Reidchester,39,M
41333,Reidville,43,M
82894,Johnstad,58,
73282,Lake Alexandriachester,24,M
37729,East Erikton,48,F
48803,New Kristen,31,M
36855,Port Jo,43,F
40540,North Jimmyborough,72,M
17074,Benjaminburgh,37,M
62821,Larsonburgh,36,F
65571,Michaelside,20,M
19925,North Danielmouth,51,F
56744,Lake Lindafort,27,F
99850,Bakerside,50,F
91017,Millermouth,26,F
55304,North Janet,34,F
41567,New Jenniferberg,32,F
28844,Jasonfort,51,M
89576,Lake Jeanneview,26,F
95795,South Omarport,22,M
27117,West Jonathanmouth,66,F
39659,New Kurtmouth,75,M
63665,Stephenmouth,41,F
19863,South Thomasmouth,24,F
98418,East Hannahhaven,63,F
50575,Lake Sharonmouth,29,M
81790,North Jonathanborough,74,
78752,Lake Tinahaven,49,F
14520,Brookshaven,69,F
51391,Port Derek,31,F
95940,Coxfurt,29,M
19238,Donaldside,70,M
24744,South Kristi,34,
35625,Lake Johnland,22,
45508,Tonyamouth,53,F
49017,Shawnburgh,70,F
52278,East Sarah,21,M
14109,Romerostad,48,M
98997,Port Joseph,59,M
40188,Gilmoreberg,75,F
11645,Kelseyton,65,F
65284,Smithstad,75,M
45059,Lake Lorichester,49,M
60063,Jacobsside,68,F
27736,South Jonathan,58,F
26583,Lake Nicholas,60,M
27730,Tiffanystad,44,M
72159,Snyderborough,64,M
72238,Kevinland,74,F
38114,South Brianna,20,M
19405,Curtisshire,23,F
93547,South Christopherburgh,65,M
49262,South Luishaven,22,
97874,Lake Matthew,71,
76505,Armstrongberg,19,F
41014,West Deanna,34,M
94899,East Maryland,47,F
21391,Port Dana,28,M
99233,West Teresa,43,M
35246,West Lisa,46,F
65789,Pughton,69,M
68218,Markton,39,F
87200,Jefferyborough,68,M
87478,Williamton,50,F
35014,Jamesland,33,
73507,Beckerview,74,M
33203,Pettymouth,62,M
10792,East Lisaview,49,F
69895,South Carolynchester,50,M
19845,New Michaeltown,45,M
57116,Catherinestad,60,F
90219,West April,58,M
99259,Johntown,62,F
47814,East Johnton,39,F
55438,Port Jenniferchester,51,M
84328,Lake Kelly,54,M
35155,Blackchester,20,F
72701,Webbfort,56,F
43869,Traciburgh,69,F
57419,Alvaradobury,29,M
24147,Davistown,29,M
21838,Popeport,70,M
37330,West Molly,49,F
69487,Port Michaelville,62,F
64496,Bradleyview,61,M
11021,North James,47,M
21063,Dorseymouth,66,M
95274,Cassandramouth,45,F
11871,East Kevinchester,65,M
89789,Huffmanshire,71,M
92942,Ashleyside,29,F
21664,Simpsonshire,39,F
94070,West Tyler,67,M
97102,Port Justinbury,55,F
71609,South Kristenbury,24,M
54318,East Blakeborough,18,M
99887,North Wendyberg,50,F
97829,Lake Alison,38,M
46034,Ronaldborough,54,M
76076,Suttonfort,29,F
74233,New Miranda,60,F
33094,Lake Loristad,68,
99414,Jaclynview,55,F
49993,Scottville,73,F
24639,Garzaport,49,F
80803,South William,26,M
56431,Andreatown,42,M
77076,Adamsbury,71,
32363,Greenborough,61,M
84308,Lewisfort,68,F
20853,West Alexfort,39,
61650,Bradleyville,29,M
51729,Port Darrylstad,23,F
53843,New Kimberly,38,F
78972,Robinsonstad,60,
89875,East Jennifershire,30,F
44902,West Reginald,34,F
55905,Port Darren,73,F
94304,Lewisfort,56,M
55131,South Douglasland,67,M
63100,South Lisaland,58,F
27148,Kurtfurt,40,F
55134,Marthabury,46,M
88309,Robertmouth,41,M
33859,Laurietown,25,F
75395,Jesseburgh,64,M
98363,Hallbury,27,M
43591,Frankbury,37,M
11479,Jamesview,48,F
94141,North Jeannemouth,48,M
54371,East Jamesborough,37,
67967,Hodgemouth,30,
99828,Douglastown,72,F
92290,New Amberville,49,M
61427,New Sean,71,M
20658,North Kelsey,34,M
